[
  {
    "id": "938a9b56-53f6-404c-af55-ea18408c075c",
    "data": [
      {
        "text": "안녕하십니까",
        "userDefined": false
      }
    ],
    "isTemplate": false,
    "count": 0,
    "lang": "ko",
    "updated": 0
  },
  {
    "id": "73d7ab70-74b5-4da0-ac7d-b899aa6f6bcc",
    "data": [
      {
        "text": "안녕하세요",
        "userDefined": false
      }
    ],
    "isTemplate": false,
    "count": 0,
    "lang": "ko",
    "updated": 0
  },
  {
    "id": "316e8e5a-6ee9-4073-91c0-8e0c08e2ba05",
    "data": [
      {
        "text": "안녕",
        "userDefined": false
      }
    ],
    "isTemplate": false,
    "count": 0,
    "lang": "ko",
    "updated": 0
  },
  {
    "id": "246254b0-2f2d-4e60-a351-f053ec4e427f",
    "data": [
      {
        "text": "저기",
        "userDefined": false
      }
    ],
    "isTemplate": false,
    "count": 0,
    "lang": "ko",
    "updated": 0
  },
  {
    "id": "c631055e-1e10-45fd-aec8-d8e841f437a7",
    "data": [
      {
        "text": "반가워",
        "userDefined": false
      }
    ],
    "isTemplate": false,
    "count": 0,
    "lang": "ko",
    "updated": 0
  }
]