[
  {
    "id": "deedcdcc-afde-432f-af30-e30cbf545acc",
    "data": [
      {
        "text": "선별",
        "meta": "@ship",
        "alias": "ship",
        "userDefined": false
      },
      {
        "text": " ",
        "userDefined": false
      },
      {
        "text": "관리",
        "meta": "@control",
        "alias": "control",
        "userDefined": false
      },
      {
        "text": " 현황 알려줘",
        "userDefined": false
      }
    ],
    "isTemplate": false,
    "count": 0,
    "lang": "ko",
    "updated": 0
  },
  {
    "id": "266270bf-b47d-45a6-8599-57b46513454e",
    "data": [
      {
        "text": "선별",
        "meta": "@ship",
        "alias": "ship",
        "userDefined": false
      },
      {
        "text": " ",
        "userDefined": false
      },
      {
        "text": "관제",
        "meta": "@control",
        "alias": "control",
        "userDefined": false
      }
    ],
    "isTemplate": false,
    "count": 0,
    "lang": "ko",
    "updated": 0
  },
  {
    "id": "53d7f9b0-9a78-4600-a950-2c1be12191a9",
    "data": [
      {
        "text": "관제",
        "meta": "@control",
        "alias": "control",
        "userDefined": false
      },
      {
        "text": " 현황",
        "userDefined": false
      }
    ],
    "isTemplate": false,
    "count": 0,
    "lang": "ko",
    "updated": 0
  },
  {
    "id": "5cbd7b72-7331-425e-9f85-8b2362a73945",
    "data": [
      {
        "text": "선별",
        "meta": "@ship",
        "alias": "ship",
        "userDefined": false
      },
      {
        "text": " ",
        "userDefined": false
      },
      {
        "text": "관제",
        "meta": "@control",
        "alias": "control",
        "userDefined": false
      },
      {
        "text": " 현황 알려줘",
        "userDefined": false
      }
    ],
    "isTemplate": false,
    "count": 0,
    "lang": "ko",
    "updated": 0
  },
  {
    "id": "9895e7b4-ef72-4f73-851b-4f6bac9a892c",
    "data": [
      {
        "text": "선별",
        "meta": "@ship",
        "alias": "ship",
        "userDefined": false
      },
      {
        "text": " ",
        "userDefined": false
      },
      {
        "text": "관제",
        "meta": "@control",
        "alias": "control",
        "userDefined": false
      },
      {
        "text": " 현황",
        "userDefined": false
      }
    ],
    "isTemplate": false,
    "count": 0,
    "lang": "ko",
    "updated": 0
  }
]