[
  {
    "id": "87e4a892-0eec-4f6e-8ca6-fcc880bc36a2",
    "data": [
      {
        "text": "선박",
        "meta": "@ship",
        "alias": "ship",
        "userDefined": false
      }
    ],
    "isTemplate": false,
    "count": 0,
    "lang": "ko",
    "updated": 0
  },
  {
    "id": "122b4360-b2d5-4596-9784-17baf56efc24",
    "data": [
      {
        "text": "1",
        "meta": "@sys.number",
        "alias": "number",
        "userDefined": false
      }
    ],
    "isTemplate": false,
    "count": 0,
    "lang": "ko",
    "updated": 0
  },
  {
    "id": "23497bce-15f9-4b61-85f7-9122896d6487",
    "data": [
      {
        "text": "선박",
        "meta": "@ship",
        "alias": "ship",
        "userDefined": false
      },
      {
        "text": "종류",
        "userDefined": false
      }
    ],
    "isTemplate": false,
    "count": 0,
    "lang": "ko",
    "updated": 0
  },
  {
    "id": "5a41924d-e9ce-4b1f-9523-07cbb76e4c66",
    "data": [
      {
        "text": "선박",
        "meta": "@ship",
        "alias": "ship",
        "userDefined": false
      },
      {
        "text": " 종류",
        "userDefined": false
      }
    ],
    "isTemplate": false,
    "count": 0,
    "lang": "ko",
    "updated": 0
  }
]