[
  {
    "id": "c518473b-fb3b-41cf-91da-f6b59586caec",
    "data": [
      {
        "text": "2",
        "meta": "@sys.number",
        "alias": "number",
        "userDefined": false
      }
    ],
    "isTemplate": false,
    "count": 0,
    "lang": "ko",
    "updated": 0
  },
  {
    "id": "72fb87a4-6169-4857-9427-d4bab06aa4ea",
    "data": [
      {
        "text": "국가 ",
        "userDefined": false
      },
      {
        "text": "연안항",
        "meta": "@port",
        "alias": "port",
        "userDefined": false
      }
    ],
    "isTemplate": false,
    "count": 0,
    "lang": "ko",
    "updated": 0
  },
  {
    "id": "e9525176-196b-4b46-a099-94c28fa961cd",
    "data": [
      {
        "text": "국가 관리",
        "userDefined": false
      },
      {
        "text": " ",
        "userDefined": false
      },
      {
        "text": "연안항",
        "meta": "@port",
        "alias": "port",
        "userDefined": false
      }
    ],
    "isTemplate": false,
    "count": 0,
    "lang": "ko",
    "updated": 0
  },
  {
    "id": "f8abbfab-2d23-4b34-8802-fc64525ea488",
    "data": [
      {
        "text": "국가관리",
        "userDefined": false
      },
      {
        "text": " ",
        "userDefined": false
      },
      {
        "text": "연안항",
        "meta": "@port",
        "alias": "port",
        "userDefined": false
      }
    ],
    "isTemplate": false,
    "count": 0,
    "lang": "ko",
    "updated": 0
  },
  {
    "id": "f51db473-e444-4ec9-b8b3-647bd65912bf",
    "data": [
      {
        "text": "국가 관리",
        "userDefined": false
      },
      {
        "text": " ",
        "userDefined": false
      },
      {
        "text": "연안항",
        "meta": "@port",
        "alias": "port",
        "userDefined": false
      },
      {
        "text": " ",
        "userDefined": false
      },
      {
        "text": "코드",
        "meta": "@code",
        "alias": "code",
        "userDefined": false
      }
    ],
    "isTemplate": false,
    "count": 0,
    "lang": "ko",
    "updated": 0
  },
  {
    "id": "8699d922-aa58-4d4f-a31e-92759551fd8b",
    "data": [
      {
        "text": "국가",
        "userDefined": false
      },
      {
        "text": "관리",
        "meta": "@control",
        "alias": "control",
        "userDefined": false
      },
      {
        "text": " ",
        "userDefined": false
      },
      {
        "text": "연안항",
        "meta": "@port",
        "alias": "port",
        "userDefined": false
      },
      {
        "text": " ",
        "userDefined": false
      },
      {
        "text": "코드",
        "meta": "@code",
        "alias": "code",
        "userDefined": false
      }
    ],
    "isTemplate": false,
    "count": 0,
    "lang": "ko",
    "updated": 0
  },
  {
    "id": "edd138aa-72c6-4d56-8012-40d86d854881",
    "data": [
      {
        "text": "2",
        "meta": "@sys.number",
        "alias": "number",
        "userDefined": false
      },
      {
        "text": ". 국가",
        "userDefined": false
      },
      {
        "text": "관리",
        "meta": "@control",
        "alias": "control",
        "userDefined": false
      },
      {
        "text": " ",
        "userDefined": false
      },
      {
        "text": "연안항",
        "meta": "@port",
        "alias": "port",
        "userDefined": false
      },
      {
        "text": " ",
        "userDefined": false
      },
      {
        "text": "코드",
        "meta": "@code",
        "alias": "code",
        "userDefined": false
      }
    ],
    "isTemplate": false,
    "count": 0,
    "lang": "ko",
    "updated": 0
  }
]