[
  {
    "id": "638bde74-c914-4cdf-9a82-d1fd30b841f2",
    "data": [
      {
        "text": "대산",
        "meta": "@sys.location",
        "alias": "location",
        "userDefined": false
      }
    ],
    "isTemplate": false,
    "count": 0,
    "lang": "ko",
    "updated": 0
  },
  {
    "id": "a19a5b0b-4cef-4e5e-a699-40df46acced7",
    "data": [
      {
        "text": "대산항",
        "meta": "@port",
        "alias": "port",
        "userDefined": false
      }
    ],
    "isTemplate": false,
    "count": 0,
    "lang": "ko",
    "updated": 0
  }
]