[
  {
    "id": "d66e0c31-186c-4078-8e48-f110a690c8e9",
    "data": [
      {
        "text": "마산",
        "meta": "@sys.location",
        "alias": "location",
        "userDefined": false
      }
    ],
    "isTemplate": false,
    "count": 0,
    "lang": "ko",
    "updated": 0
  },
  {
    "id": "da8b097c-15ef-44aa-ba0c-af4f5e562d5e",
    "data": [
      {
        "text": "마산항",
        "meta": "@port",
        "alias": "port",
        "userDefined": false
      }
    ],
    "isTemplate": false,
    "count": 0,
    "lang": "ko",
    "updated": 0
  }
]