[
  {
    "id": "bec818e1-a783-407c-94aa-188607f23596",
    "data": [
      {
        "text": "부산항",
        "meta": "@port",
        "alias": "port",
        "userDefined": false
      }
    ],
    "isTemplate": false,
    "count": 0,
    "lang": "ko",
    "updated": 0
  },
  {
    "id": "0e4797fb-ff5b-4ef5-9030-eb0d0e687aeb",
    "data": [
      {
        "text": "부산",
        "meta": "@sys.location",
        "alias": "location",
        "userDefined": false
      }
    ],
    "isTemplate": false,
    "count": 0,
    "lang": "ko",
    "updated": 0
  }
]