[
  {
    "id": "5aeb989a-fec0-4a52-87ea-e23ca91411cb",
    "data": [
      {
        "text": "서울 특별시",
        "meta": "@sys.location",
        "alias": "location",
        "userDefined": false
      }
    ],
    "isTemplate": false,
    "count": 0,
    "lang": "ko",
    "updated": 0
  },
  {
    "id": "98e309a9-43c7-43c0-8e31-c64c05706cae",
    "data": [
      {
        "text": "서울특별시",
        "meta": "@sys.location",
        "alias": "location",
        "userDefined": false
      }
    ],
    "isTemplate": false,
    "count": 0,
    "lang": "ko",
    "updated": 0
  },
  {
    "id": "a0eaa98f-e6f9-4d57-9072-0c00d0296d3f",
    "data": [
      {
        "text": "서울시",
        "meta": "@sys.location",
        "alias": "location",
        "userDefined": false
      }
    ],
    "isTemplate": false,
    "count": 0,
    "lang": "ko",
    "updated": 0
  },
  {
    "id": "3958e7cb-5c95-468c-ae37-f705e4ba8b2b",
    "data": [
      {
        "text": "서울",
        "meta": "@sys.location",
        "alias": "location",
        "userDefined": false
      }
    ],
    "isTemplate": false,
    "count": 0,
    "lang": "ko",
    "updated": 0
  }
]