[
  {
    "id": "5a7baef0-b292-4e38-8cf1-10f407accf3b",
    "data": [
      {
        "text": "선박",
        "meta": "@ship",
        "alias": "ship",
        "userDefined": false
      },
      {
        "text": " 언제 ",
        "userDefined": false
      },
      {
        "text": "나가는지",
        "meta": "@shipinout",
        "alias": "shipinout",
        "userDefined": false
      }
    ],
    "isTemplate": false,
    "count": 0,
    "lang": "ko",
    "updated": 0
  },
  {
    "id": "6d58ca2c-0785-495f-92e4-7bb185968065",
    "data": [
      {
        "text": "선박",
        "meta": "@ship",
        "alias": "ship",
        "userDefined": false
      },
      {
        "text": " 언제",
        "userDefined": false
      },
      {
        "text": " ",
        "userDefined": false
      },
      {
        "text": "들어오는지",
        "meta": "@shipinout",
        "alias": "shipinout",
        "userDefined": false
      }
    ],
    "isTemplate": false,
    "count": 0,
    "lang": "ko",
    "updated": 0
  },
  {
    "id": "cf9e7a1a-3a6c-4449-9503-3f916433469e",
    "data": [
      {
        "text": "선박",
        "meta": "@ship",
        "alias": "ship",
        "userDefined": false
      },
      {
        "text": " ",
        "userDefined": false
      },
      {
        "text": "출항",
        "meta": "@shipinout",
        "alias": "shipinout",
        "userDefined": false
      }
    ],
    "isTemplate": false,
    "count": 0,
    "lang": "ko",
    "updated": 0
  },
  {
    "id": "a4dcdac2-ff76-4805-b5c7-1bbd0064ab41",
    "data": [
      {
        "text": "선박",
        "meta": "@ship",
        "alias": "ship",
        "userDefined": false
      },
      {
        "text": " ",
        "userDefined": false
      },
      {
        "text": "입항",
        "meta": "@shipinout",
        "alias": "shipinout",
        "userDefined": false
      }
    ],
    "isTemplate": false,
    "count": 0,
    "lang": "ko",
    "updated": 0
  },
  {
    "id": "b4c0928e-1b4a-4dda-8b53-6fa521d5e4aa",
    "data": [
      {
        "text": "선박",
        "meta": "@ship",
        "alias": "ship",
        "userDefined": false
      },
      {
        "text": " ",
        "userDefined": false
      },
      {
        "text": "입출항",
        "meta": "@shipinout",
        "alias": "shipinout",
        "userDefined": false
      }
    ],
    "isTemplate": false,
    "count": 0,
    "lang": "ko",
    "updated": 0
  }
]