[
  {
    "id": "ba625fd0-9a08-4a5e-b6fd-f63a641b8d11",
    "data": [
      {
        "text": "여수 광양",
        "meta": "@sys.location",
        "alias": "location",
        "userDefined": false
      }
    ],
    "isTemplate": false,
    "count": 0,
    "lang": "ko",
    "updated": 0
  },
  {
    "id": "2035f927-7aba-4bf0-afc7-dd0ad6f2667c",
    "data": [
      {
        "text": "여수, 광양",
        "meta": "@sys.location",
        "alias": "location",
        "userDefined": false
      }
    ],
    "isTemplate": false,
    "count": 0,
    "lang": "ko",
    "updated": 0
  },
  {
    "id": "98d2d8ca-0e40-4be7-b806-51ef00e178ff",
    "data": [
      {
        "text": "광양항",
        "meta": "@port",
        "alias": "port",
        "userDefined": false
      }
    ],
    "isTemplate": false,
    "count": 0,
    "lang": "ko",
    "updated": 0
  },
  {
    "id": "6c9193d3-a673-4f12-b06c-312e11f4cfa5",
    "data": [
      {
        "text": "광양",
        "meta": "@sys.location",
        "alias": "location",
        "userDefined": false
      }
    ],
    "isTemplate": false,
    "count": 0,
    "lang": "ko",
    "updated": 0
  },
  {
    "id": "d8a40df3-80e3-4d41-9c21-d035b962b153",
    "data": [
      {
        "text": "여수",
        "meta": "@sys.location",
        "alias": "location",
        "userDefined": false
      }
    ],
    "isTemplate": false,
    "count": 0,
    "lang": "ko",
    "updated": 0
  },
  {
    "id": "12185223-33f5-4e8b-920e-bb69692275bf",
    "data": [
      {
        "text": "여수항",
        "meta": "@port",
        "alias": "port",
        "userDefined": false
      }
    ],
    "isTemplate": false,
    "count": 0,
    "lang": "ko",
    "updated": 0
  }
]