[
  {
    "id": "166aaaed-776b-415e-8598-6f27ef727756",
    "data": [
      {
        "text": "울산",
        "meta": "@sys.location",
        "alias": "location",
        "userDefined": false
      }
    ],
    "isTemplate": false,
    "count": 0,
    "lang": "ko",
    "updated": 0
  },
  {
    "id": "826fe124-c576-4684-8d93-7d79510c634a",
    "data": [
      {
        "text": "울산항",
        "meta": "@port",
        "alias": "port",
        "userDefined": false
      }
    ],
    "isTemplate": false,
    "count": 0,
    "lang": "ko",
    "updated": 0
  }
]