[
  {
    "id": "36f45596-4f70-4624-b985-0e7917f707a1",
    "data": [
      {
        "text": "인천",
        "meta": "@sys.location",
        "alias": "location",
        "userDefined": false
      }
    ],
    "isTemplate": false,
    "count": 0,
    "lang": "ko",
    "updated": 0
  },
  {
    "id": "a871a03c-9622-413b-8c73-a25c4fcf6688",
    "data": [
      {
        "text": "인천항",
        "meta": "@port",
        "alias": "port",
        "userDefined": false
      }
    ],
    "isTemplate": false,
    "count": 0,
    "lang": "ko",
    "updated": 0
  }
]