[
  {
    "id": "b8ade2b8-36b1-496e-842a-c4946c7f5561",
    "data": [
      {
        "text": "3",
        "meta": "@sys.number",
        "alias": "number",
        "userDefined": false
      }
    ],
    "isTemplate": false,
    "count": 0,
    "lang": "ko",
    "updated": 0
  },
  {
    "id": "ba250551-482b-4e04-9538-958b6d0d3c91",
    "data": [
      {
        "text": "지방 ",
        "userDefined": false
      },
      {
        "text": "무역항",
        "meta": "@port",
        "alias": "port",
        "userDefined": false
      }
    ],
    "isTemplate": false,
    "count": 0,
    "lang": "ko",
    "updated": 0
  },
  {
    "id": "843582d7-fe1f-4bce-be3f-bc0264ceca7d",
    "data": [
      {
        "text": "지방 관리 ",
        "userDefined": false
      },
      {
        "text": "무역항",
        "meta": "@port",
        "alias": "port",
        "userDefined": false
      },
      {
        "text": " ",
        "userDefined": false
      },
      {
        "text": "코드",
        "meta": "@code",
        "alias": "code",
        "userDefined": false
      }
    ],
    "isTemplate": false,
    "count": 0,
    "lang": "ko",
    "updated": 0
  },
  {
    "id": "abc320b8-7f81-4ba3-b8cd-0aa67f414900",
    "data": [
      {
        "text": "지방관리 ",
        "userDefined": false
      },
      {
        "text": "무역항",
        "meta": "@port",
        "alias": "port",
        "userDefined": false
      }
    ],
    "isTemplate": false,
    "count": 0,
    "lang": "ko",
    "updated": 0
  },
  {
    "id": "d46013c5-8b77-4756-88b7-e7ffd28d91fc",
    "data": [
      {
        "text": "지방관리 ",
        "userDefined": false
      },
      {
        "text": "무역항",
        "meta": "@port",
        "alias": "port",
        "userDefined": false
      },
      {
        "text": " ",
        "userDefined": false
      },
      {
        "text": "코드",
        "meta": "@code",
        "alias": "code",
        "userDefined": false
      }
    ],
    "isTemplate": false,
    "count": 0,
    "lang": "ko",
    "updated": 0
  },
  {
    "id": "5f2f849f-1f85-48bf-96ad-f297b9723b7b",
    "data": [
      {
        "text": "3",
        "meta": "@sys.number",
        "alias": "number",
        "userDefined": false
      },
      {
        "text": ".지방관리",
        "userDefined": false
      },
      {
        "text": " ",
        "userDefined": false
      },
      {
        "text": "무역항",
        "meta": "@port",
        "alias": "port",
        "userDefined": false
      },
      {
        "text": " ",
        "userDefined": false
      },
      {
        "text": "코드",
        "meta": "@code",
        "alias": "code",
        "userDefined": false
      }
    ],
    "isTemplate": false,
    "count": 0,
    "lang": "ko",
    "updated": 0
  }
]