[
  {
    "id": "59823e8a-3fde-4d81-bb46-bdfe41cc37a1",
    "data": [
      {
        "text": "평택 당진",
        "meta": "@sys.location",
        "alias": "location",
        "userDefined": false
      }
    ],
    "isTemplate": false,
    "count": 0,
    "lang": "ko",
    "updated": 0
  },
  {
    "id": "33b9e134-b256-4e41-a882-8c2a5c8fe84c",
    "data": [
      {
        "text": "평택, 당진",
        "meta": "@sys.location",
        "alias": "location",
        "userDefined": false
      }
    ],
    "isTemplate": false,
    "count": 0,
    "lang": "ko",
    "updated": 0
  },
  {
    "id": "5451befa-ffd2-406e-820f-7f33616b0ab5",
    "data": [
      {
        "text": "평택당진항",
        "meta": "@port",
        "alias": "port",
        "userDefined": false
      }
    ],
    "isTemplate": false,
    "count": 0,
    "lang": "ko",
    "updated": 0
  },
  {
    "id": "f46c9cda-8200-4090-bdb3-023d9d44f920",
    "data": [
      {
        "text": "당진",
        "meta": "@sys.location",
        "alias": "location",
        "userDefined": false
      }
    ],
    "isTemplate": false,
    "count": 0,
    "lang": "ko",
    "updated": 0
  },
  {
    "id": "ac9941fa-61e5-4f10-971d-505a98a8bfbe",
    "data": [
      {
        "text": "평택",
        "meta": "@sys.location",
        "alias": "location",
        "userDefined": false
      }
    ],
    "isTemplate": false,
    "count": 0,
    "lang": "ko",
    "updated": 0
  },
  {
    "id": "34d484d9-e72e-4388-bad1-f0aba500bbe4",
    "data": [
      {
        "text": "평택 당진항",
        "meta": "@port",
        "alias": "port",
        "userDefined": false
      }
    ],
    "isTemplate": false,
    "count": 0,
    "lang": "ko",
    "updated": 0
  },
  {
    "id": "bd85a10f-caa3-4271-9234-e9bd86b57a11",
    "data": [
      {
        "text": "평택, 당진항",
        "meta": "@port",
        "alias": "port",
        "userDefined": false
      }
    ],
    "isTemplate": false,
    "count": 0,
    "lang": "ko",
    "updated": 0
  }
]