[
  {
    "id": "7f934985-022a-4de3-a89a-d4bd20bf35e1",
    "data": [
      {
        "text": "포항",
        "meta": "@sys.location",
        "alias": "location",
        "userDefined": false
      }
    ],
    "isTemplate": false,
    "count": 0,
    "lang": "ko",
    "updated": 0
  },
  {
    "id": "01fd78b8-329a-4f0f-a5b2-95582818e717",
    "data": [
      {
        "text": "포항항",
        "meta": "@port",
        "alias": "port",
        "userDefined": false
      }
    ],
    "isTemplate": false,
    "count": 0,
    "lang": "ko",
    "updated": 0
  }
]