[
  {
    "id": "5d2e3966-1b53-4fc8-9570-7aa1de0bd9a4",
    "data": [
      {
        "text": "강원도",
        "meta": "@sys.location",
        "alias": "location",
        "userDefined": false
      }
    ],
    "isTemplate": false,
    "count": 0,
    "lang": "ko",
    "updated": 0
  },
  {
    "id": "2a6048c7-0fc3-4dd2-9130-c31bbcccc602",
    "data": [
      {
        "text": "강원",
        "meta": "@sys.location",
        "alias": "location",
        "userDefined": false
      }
    ],
    "isTemplate": false,
    "count": 0,
    "lang": "ko",
    "updated": 0
  }
]