[
  {
    "id": "e879386f-79e5-4f30-9c00-7af407440656",
    "data": [
      {
        "text": "경상 남도",
        "meta": "@sys.location",
        "alias": "location",
        "userDefined": false
      }
    ],
    "isTemplate": false,
    "count": 0,
    "lang": "ko",
    "updated": 0
  },
  {
    "id": "cd2bbcb2-fec9-4bbf-b86a-fbb2e4155b80",
    "data": [
      {
        "text": "경상남도",
        "meta": "@sys.location",
        "alias": "location",
        "userDefined": false
      }
    ],
    "isTemplate": false,
    "count": 0,
    "lang": "ko",
    "updated": 0
  },
  {
    "id": "6fecb975-d35e-49d4-83a4-d0f540cc5198",
    "data": [
      {
        "text": "경남",
        "meta": "@sys.location",
        "alias": "location",
        "userDefined": false
      }
    ],
    "isTemplate": false,
    "count": 0,
    "lang": "ko",
    "updated": 0
  }
]