[
  {
    "id": "0f0999bf-3ccf-4558-8e47-cccdd6743eee",
    "data": [
      {
        "text": "경인",
        "meta": "@sys.location",
        "alias": "location",
        "userDefined": false
      }
    ],
    "isTemplate": false,
    "count": 0,
    "lang": "ko",
    "updated": 0
  },
  {
    "id": "ebd6904c-1524-478f-b479-77f186975686",
    "data": [
      {
        "text": "경인항",
        "meta": "@port",
        "alias": "port",
        "userDefined": false
      }
    ],
    "isTemplate": false,
    "count": 0,
    "lang": "ko",
    "updated": 0
  }
]