[
  {
    "id": "5434b2e6-7194-4306-88e8-3c37f090ae42",
    "data": [
      {
        "text": "군산 장항",
        "meta": "@sys.location",
        "alias": "location",
        "userDefined": false
      }
    ],
    "isTemplate": false,
    "count": 0,
    "lang": "ko",
    "updated": 0
  },
  {
    "id": "64d16778-21e6-4f1f-a11b-9b3596b485c3",
    "data": [
      {
        "text": "군산, 장항",
        "meta": "@sys.location",
        "alias": "location",
        "userDefined": false
      }
    ],
    "isTemplate": false,
    "count": 0,
    "lang": "ko",
    "updated": 0
  },
  {
    "id": "4d224b67-144a-4ea9-9009-a1653ecde78e",
    "data": [
      {
        "text": "장항항",
        "meta": "@port",
        "alias": "port",
        "userDefined": false
      }
    ],
    "isTemplate": false,
    "count": 0,
    "lang": "ko",
    "updated": 0
  },
  {
    "id": "c795b15a-c663-4e2d-8f6e-345f18bc4887",
    "data": [
      {
        "text": "장항",
        "meta": "@sys.location",
        "alias": "location",
        "userDefined": false
      }
    ],
    "isTemplate": false,
    "count": 0,
    "lang": "ko",
    "updated": 0
  },
  {
    "id": "77d194f4-e40b-458f-a7a7-701902692be0",
    "data": [
      {
        "text": "군산",
        "meta": "@sys.location",
        "alias": "location",
        "userDefined": false
      }
    ],
    "isTemplate": false,
    "count": 0,
    "lang": "ko",
    "updated": 0
  },
  {
    "id": "7c4e16dc-688b-4bb7-9c9a-5d9e535a2eb2",
    "data": [
      {
        "text": "군산항",
        "meta": "@port",
        "alias": "port",
        "userDefined": false
      }
    ],
    "isTemplate": false,
    "count": 0,
    "lang": "ko",
    "updated": 0
  }
]