[
  {
    "id": "68628302-f427-40e3-953e-d64857ebdc2c",
    "data": [
      {
        "text": "동해 묵호",
        "meta": "@sys.location",
        "alias": "location",
        "userDefined": false
      }
    ],
    "isTemplate": false,
    "count": 0,
    "lang": "ko",
    "updated": 0
  },
  {
    "id": "a94de8e3-ee9e-4439-bd38-b350d067d2d7",
    "data": [
      {
        "text": "동해, 묵호",
        "meta": "@sys.location",
        "alias": "location",
        "userDefined": false
      }
    ],
    "isTemplate": false,
    "count": 0,
    "lang": "ko",
    "updated": 0
  },
  {
    "id": "b337c26a-b207-4cf9-b06f-bc5de4be5e97",
    "data": [
      {
        "text": "묵호",
        "meta": "@sys.location",
        "alias": "location",
        "userDefined": false
      }
    ],
    "isTemplate": false,
    "count": 0,
    "lang": "ko",
    "updated": 0
  },
  {
    "id": "3328b288-bfe0-47d0-8129-f1a8ad86180b",
    "data": [
      {
        "text": "동해",
        "meta": "@sys.location",
        "alias": "location",
        "userDefined": false
      }
    ],
    "isTemplate": false,
    "count": 0,
    "lang": "ko",
    "updated": 0
  },
  {
    "id": "d29432c9-928e-4009-944a-f68b488d68aa",
    "data": [
      {
        "text": "동해묵호항",
        "meta": "@port",
        "alias": "port",
        "userDefined": false
      }
    ],
    "isTemplate": false,
    "count": 0,
    "lang": "ko",
    "updated": 0
  },
  {
    "id": "a398092f-f8dd-4ef7-b72e-211a2aac6ed6",
    "data": [
      {
        "text": "동해 묵호항",
        "meta": "@port",
        "alias": "port",
        "userDefined": false
      }
    ],
    "isTemplate": false,
    "count": 0,
    "lang": "ko",
    "updated": 0
  },
  {
    "id": "08150b31-d131-4b37-b474-0a7ad68db881",
    "data": [
      {
        "text": "동해, 묵호항",
        "meta": "@port",
        "alias": "port",
        "userDefined": false
      }
    ],
    "isTemplate": false,
    "count": 0,
    "lang": "ko",
    "updated": 0
  }
]