[
  {
    "id": "b39da9d9-0c44-4c1b-b04e-2d151fa7d750",
    "data": [
      {
        "text": "목포",
        "meta": "@sys.location",
        "alias": "location",
        "userDefined": false
      }
    ],
    "isTemplate": false,
    "count": 0,
    "lang": "ko",
    "updated": 0
  },
  {
    "id": "769b51d1-c194-45b2-b8cc-6f8cb7a8c73e",
    "data": [
      {
        "text": "목포항",
        "meta": "@port",
        "alias": "port",
        "userDefined": false
      }
    ],
    "isTemplate": false,
    "count": 0,
    "lang": "ko",
    "updated": 0
  }
]