[
  {
    "id": "b24af42b-9985-4379-ae03-7522c3927884",
    "data": [
      {
        "text": "2",
        "meta": "@sys.number",
        "alias": "number",
        "userDefined": false
      }
    ],
    "isTemplate": false,
    "count": 0,
    "lang": "ko",
    "updated": 0
  },
  {
    "id": "993b3656-b3ce-428f-803e-9f4333c1c5fb",
    "data": [
      {
        "text": "무역항",
        "meta": "@port",
        "alias": "port",
        "userDefined": false
      }
    ],
    "isTemplate": false,
    "count": 0,
    "lang": "ko",
    "updated": 0
  },
  {
    "id": "fbb33b50-6025-4b29-96d6-10cec6ddc50f",
    "data": [
      {
        "text": "무역항",
        "meta": "@port",
        "alias": "port",
        "userDefined": false
      },
      {
        "text": " ",
        "userDefined": false
      },
      {
        "text": "코드",
        "meta": "@code",
        "alias": "code",
        "userDefined": false
      }
    ],
    "isTemplate": false,
    "count": 0,
    "lang": "ko",
    "updated": 0
  },
  {
    "id": "de17cc06-defb-48ff-9984-33b41168e2ea",
    "data": [
      {
        "text": "무역항",
        "meta": "@port",
        "alias": "port",
        "userDefined": false
      },
      {
        "text": " ",
        "userDefined": false
      },
      {
        "text": "코드집",
        "meta": "@code",
        "alias": "code",
        "userDefined": false
      }
    ],
    "isTemplate": false,
    "count": 0,
    "lang": "ko",
    "updated": 0
  }
]