[
  {
    "id": "c67c365b-b865-4233-9a3f-eab4974a3a75",
    "data": [
      {
        "text": "전라 남도",
        "meta": "@sys.location",
        "alias": "location",
        "userDefined": false
      }
    ],
    "isTemplate": false,
    "count": 0,
    "lang": "ko",
    "updated": 0
  },
  {
    "id": "a19bacd4-6cc1-4384-91e0-fbfef8271260",
    "data": [
      {
        "text": "전라남도",
        "meta": "@sys.location",
        "alias": "location",
        "userDefined": false
      }
    ],
    "isTemplate": false,
    "count": 0,
    "lang": "ko",
    "updated": 0
  },
  {
    "id": "2f482f8e-cff4-4e2c-b720-8194d25c1d9d",
    "data": [
      {
        "text": "전남",
        "meta": "@sys.location",
        "alias": "location",
        "userDefined": false
      }
    ],
    "isTemplate": false,
    "count": 0,
    "lang": "ko",
    "updated": 0
  }
]