[
  {
    "id": "6ebe69f4-b99e-436e-b5a3-365545f7c006",
    "data": [
      {
        "text": "제주특별 자치도",
        "meta": "@sys.location",
        "alias": "location",
        "userDefined": false
      }
    ],
    "isTemplate": false,
    "count": 0,
    "lang": "ko",
    "updated": 0
  },
  {
    "id": "3ce5b68c-9b58-4e6d-b7d2-8edbc76892e4",
    "data": [
      {
        "text": "제주 특별 자치도",
        "meta": "@sys.location",
        "alias": "location",
        "userDefined": false
      }
    ],
    "isTemplate": false,
    "count": 0,
    "lang": "ko",
    "updated": 0
  },
  {
    "id": "1a897ccf-7952-47b6-8b81-b261bd96c06d",
    "data": [
      {
        "text": "제주 특별자치도",
        "meta": "@sys.location",
        "alias": "location",
        "userDefined": false
      }
    ],
    "isTemplate": false,
    "count": 0,
    "lang": "ko",
    "updated": 0
  },
  {
    "id": "00c93587-d5ec-41ae-b189-a7223161c944",
    "data": [
      {
        "text": "제주특별자치도",
        "meta": "@sys.location",
        "alias": "location",
        "userDefined": false
      }
    ],
    "isTemplate": false,
    "count": 0,
    "lang": "ko",
    "updated": 0
  },
  {
    "id": "5573ade7-a7d1-4e14-b440-80f816233a72",
    "data": [
      {
        "text": "제주도",
        "meta": "@sys.location",
        "alias": "location",
        "userDefined": false
      }
    ],
    "isTemplate": false,
    "count": 0,
    "lang": "ko",
    "updated": 0
  },
  {
    "id": "1c7562d7-dadf-4c05-94bc-8c9b83471af5",
    "data": [
      {
        "text": "제주",
        "meta": "@sys.location",
        "alias": "location",
        "userDefined": false
      }
    ],
    "isTemplate": false,
    "count": 0,
    "lang": "ko",
    "updated": 0
  }
]