[
  {
    "id": "a0b208b2-d00f-4201-a1c4-b0c4c55ca384",
    "data": [
      {
        "text": "충청 남도",
        "meta": "@sys.location",
        "alias": "location",
        "userDefined": false
      }
    ],
    "isTemplate": false,
    "count": 0,
    "lang": "ko",
    "updated": 0
  },
  {
    "id": "fc3fca5f-9a3e-4856-b748-9ea582d35cca",
    "data": [
      {
        "text": "충청남도",
        "meta": "@sys.location",
        "alias": "location",
        "userDefined": false
      }
    ],
    "isTemplate": false,
    "count": 0,
    "lang": "ko",
    "updated": 0
  },
  {
    "id": "33fa3ee9-f2f5-41ba-a3c7-f2b2bcc5b461",
    "data": [
      {
        "text": "충남",
        "meta": "@sys.location",
        "alias": "location",
        "userDefined": false
      }
    ],
    "isTemplate": false,
    "count": 0,
    "lang": "ko",
    "updated": 0
  }
]