[
  {
    "id": "ee4cdc77-51a5-4bb6-8adc-3c77efd13575",
    "data": [
      {
        "text": "코드",
        "meta": "@code",
        "alias": "code",
        "userDefined": false
      },
      {
        "text": " ",
        "userDefined": false
      },
      {
        "text": "정보",
        "meta": "@sys.person",
        "alias": "person",
        "userDefined": false
      }
    ],
    "isTemplate": false,
    "count": 0,
    "lang": "ko",
    "updated": 0
  },
  {
    "id": "c20140a0-23cc-4062-a322-19cabc89117d",
    "data": [
      {
        "text": "코드",
        "meta": "@code",
        "alias": "code",
        "userDefined": false
      }
    ],
    "isTemplate": false,
    "count": 0,
    "lang": "ko",
    "updated": 0
  },
  {
    "id": "25c51739-ac49-4269-bce1-7ccce8cc37b9",
    "data": [
      {
        "text": "코드집",
        "meta": "@code",
        "alias": "code",
        "userDefined": false
      }
    ],
    "isTemplate": false,
    "count": 0,
    "lang": "ko",
    "updated": 0
  },
  {
    "id": "7f911e9b-69a1-4645-b11d-1fd1c7a7ea33",
    "data": [
      {
        "text": "코드집",
        "meta": "@code",
        "alias": "code",
        "userDefined": false
      },
      {
        "text": " 정보",
        "userDefined": false
      }
    ],
    "isTemplate": false,
    "count": 0,
    "lang": "ko",
    "updated": 0
  }
]