[
  {
    "id": "424a6258-4d91-4b07-9246-52a69cd99ae5",
    "data": [
      {
        "text": "아니오",
        "userDefined": false
      }
    ],
    "isTemplate": false,
    "count": 0,
    "lang": "ko",
    "updated": 0
  },
  {
    "id": "3c3fc12b-9f1c-4948-9e22-9dd7075374a5",
    "data": [
      {
        "text": "아니요",
        "userDefined": false
      }
    ],
    "isTemplate": false,
    "count": 0,
    "lang": "ko",
    "updated": 0
  },
  {
    "id": "2e6c9be4-ead0-4bbd-955c-f48f7363de11",
    "data": [
      {
        "text": "2",
        "meta": "@sys.number",
        "alias": "number",
        "userDefined": false
      }
    ],
    "isTemplate": false,
    "count": 0,
    "lang": "ko",
    "updated": 0
  }
]