[
  {
    "id": "c99053da-97cf-49a8-95e7-dfa1e2f23299",
    "data": [
      {
        "text": "네",
        "meta": "@sys.number",
        "alias": "number",
        "userDefined": false
      }
    ],
    "isTemplate": false,
    "count": 0,
    "lang": "ko",
    "updated": 0
  },
  {
    "id": "35e4deb7-f09e-4d97-bfbb-c61847c8ea7e",
    "data": [
      {
        "text": "예",
        "meta": "@sys.music-artist",
        "alias": "music-artist",
        "userDefined": false
      }
    ],
    "isTemplate": false,
    "count": 0,
    "lang": "ko",
    "updated": 0
  },
  {
    "id": "3d89ef60-0e6d-46b9-a0b7-7db55542f7b3",
    "data": [
      {
        "text": "1",
        "meta": "@sys.number",
        "alias": "number",
        "userDefined": false
      }
    ],
    "isTemplate": false,
    "count": 0,
    "lang": "ko",
    "updated": 0
  }
]